2.1019350553813037e-20,2.8597439564589224e-20,3.7792880533657144e-20,4.876109467832306e-20,6.170182017982409e-20,7.675949490659912e-20,9.406576972682195e-20,1.137794909356326e-19,1.3611865086988543e-19,1.612034951111134e-19,1.891681241389573e-19,2.2012322080346066e-19,2.5026095703609336e-19,2.73216282783472e-19,2.882388048014161e-19,2.959932565657622e-19,2.968844440704632e-19,2.9143723514580564e-19,2.799192838753864e-19,2.6244937147808274e-19,2.3980447508521915e-19,2.170169079878405e-19,1.967962836413392e-19,1.7902483463665627e-19,1.633497264580734e-19,1.494381608022927e-19,1.3705146953499704e-19,1.2600961947673887e-19,1.16128468343093e-19,1.0724586266980222e-19,9.924076609551059e-20,9.202297643341234e-20,8.548910450861092e-20,7.955457720889348e-20,7.415407902448529e-20,6.923860690783059e-20,6.474711122765856e-20,6.063280297352686e-20,5.685876406600704e-20,5.339623029357675e-20,5.020782835847325e-20,4.7266320614913003e-20,4.455011340990904e-20,4.20410028173179e-20,3.97155423361017e-20,3.7557138012141406e-20,3.555285839016617e-20,3.36903248184629e-20,3.195461731826805e-20,3.033519398633255e-20,2.882420794712252e-20,2.7412670622065885e-20,2.609105078725653e-20,2.4852411113213522e-20,2.3691863295566245e-20,2.2602677200398883e-20,2.1578695184406157e-20,2.0615252190818672e-20,1.9709137814990122e-20,1.8855314136844767e-20,1.8049700755980262e-20,1.7289127835124915e-20,1.657135196755496e-20,1.5892612321524408e-20,1.5250136818862694e-20,1.464176176628447e-20,1.406580918274713e-20,1.3519488006100556e-20,1.3000866937948872e-20,1.2508472114264143e-20,1.2040961205337814e-20,1.1596283448960478e-20,1.1173057784240593e-20,1.0770290691349183e-20,1.0386842902501588e-20,1.0021231277907202e-20,9.672442497596413e-21,9.339815540654822e-21,9.02234670019934e-21,8.718983378600791e-21,8.428970996295167e-21,8.151851366526117e-21,7.88676010444303e-21,7.632943162153615e-21,7.389839346036768e-21,7.157108334354729e-21,6.934024621523431e-21,6.720039319498024e-21,6.514738341892164e-21,6.317846923922127e-21,6.1287697968926206e-21,5.9471001617341446e-21,5.772536763296296e-21,5.6048385178330594e-21,5.443528014069551e-21,5.288297523779771e-21,5.1389329155206696e-21,4.995207740530674e-21,4.8567488394919885e-21,4.723317963307846e-21,4.594768608898758e-21,4.470877973772569e-21,4.351363690175119e-21,4.236038065621609e-21,4.12480097346627e-21,4.0174367920391325e-21,3.9137350125871734e-21,3.813547945389284e-21,3.716801682757976e-21,3.623297893800121e-21,3.532877863800361e-21,3.44542712059664e-21,3.3608847337180152e-21,3.2790751313101116e-21,3.1998769593656236e-21,3.12320337457554e-21,3.048997877690012e-21,2.9771101121691306e-21,2.9074456578189167e-21,2.8399406781677187e-21,2.774537746511606e-21,2.711112253914992e-21,2.649589156994662e-21,2.589923789784661e-21,2.5320545964161785e-21,2.4758820506594724e-21,2.421345153198319e-21,2.368414589974799e-21,2.317023860924388e-21,2.2670965207889053e-21,2.2185826837264372e-21,2.1714621046676224e-21,2.1256679758358226e-21,2.0811415486824448e-21,2.037842714756775e-21,1.995755423537506e-21,1.9548163652563085e-21,1.9149798977476534e-21,1.876214611659207e-21,1.8385053154348092e-21,1.8017946345731225e-21,1.766046578703012e-21,1.731237444741899e-21,1.6973506739154982e-21,1.6643362911522773e-21,1.6321653565655704e-21,1.6008209683223684e-21,1.5702837718927717e-21,1.5405119684643528e-21,1.5114817106831577e-21
0,0,0,0,0,0,0,0,0,0,0,2.7865912733171766e-23,2.102749336581655e-21,9.454746079318952e-21,2.2528590401743358e-20,4.108173697190238e-20,6.502810050617037e-20,9.414208615316821e-20,1.2836239568049373e-19,1.677188986964882e-19,2.1081852427989062e-19,2.4790338766829035e-19,2.7366037649942397e-19,2.882917520748418e-19,2.9249179105433253e-19,2.8703261103369377e-19,2.723987193133341e-19,2.5200982049872055e-19,2.32248256787543e-19,2.144837093618589e-19,1.9847411454569041e-19,1.840390747074924e-19,1.7097181922518543e-19,1.5910320819567092e-19,1.483026154813376e-19,1.3847203864975464e-19,1.2948938300147e-19,1.2126107401279366e-19,1.1371327828427128e-19,1.0678846954280856e-19,1.0041190398630729e-19,9.452910835904918e-20,8.909689696905494e-20,8.407886332467072e-20,7.942811617630443e-20,7.511146885601546e-20,7.110305941980998e-20,6.737813148949092e-20,6.390684622270908e-20,6.06681206009097e-20,5.764626145953133e-20,5.482329231327159e-20,5.218015142671937e-20,4.9702964659436137e-20,4.738195576805176e-20,4.5203664987771304e-20,4.315577749223069e-20,4.122896351657584e-20,3.941680249147238e-20,3.7709218953322815e-20,3.609805240630767e-20,3.4576963412809614e-20,3.3141465327062217e-20,3.178403676667283e-20,3.049913378249636e-20,2.928242914968505e-20,2.81305670315726e-20,2.703796551247376e-20,2.6000762139949586e-20,2.5016009296106627e-20,2.4081022421858766e-20,2.3191700146069237e-20,2.234528045018087e-20,2.15397763687953e-20,2.077290945149657e-20,2.0041713529559155e-20,1.9344162038783362e-20,1.8678932986747702e-20,1.804401903470698e-20,1.743731506607815e-20,1.6857311978133434e-20,1.6303093431606823e-20,1.5772930721404603e-20,1.5265315808102714e-20,1.477912634640475e-20,1.431368171827219e-20,1.3867530966764036e-20,1.3439576356816639e-20,1.3028989746607766e-20,1.263522162710696e-20,1.2257081505416359e-20,1.1893755813802739e-20,1.1544642064482278e-20,1.1209258107982498e-20,1.0886649157437227e-20,1.0576199779395277e-20,1.0277481726975586e-20,9.990042119580674e-21,9.71313466646635e-21,9.446282887246744e-21,9.18919378671311e-21,8.941421776534261e-21,8.702402142307158e-21,8.471759513091073e-21,8.249293643078338e-21,8.03457330504542e-21,7.827177497220523e-21,7.626810851200343e-21,7.433325557134053e-21,7.24632496805943e-21,7.065491666408717e-21,6.890596716413909e-21,6.721518261687294e-21,6.557905171643061e-21,6.399514747337066e-21,6.246173308642306e-21,6.097767861282058e-21,5.953997703414739e-21,5.814674001709732e-21,5.67966908799512e-21,5.548868113155341e-21,5.422021868632983e-21,5.298980273270656e-21,5.1796539984749594e-21,5.063919937109198e-21,4.951579044152873e-21,4.8425093255328636e-21,4.736652155324379e-21,4.633874538368849e-21,4.534023589863728e-21,4.436999541853856e-21,4.342761905713705e-21,4.2511770708834775e-21,4.1621275446570805e-21,4.075533113130953e-21,3.991361676462157e-21,3.909486619846057e-21,3.829816662363069e-21,3.752288987656183e-21,3.67687321374856e-21,3.603454595925916e-21,3.531961156136045e-21,3.4623454899854506e-21,3.3945744811632316e-21,3.3285481832616557e-21,3.2642087186704718e-21,3.2015222849869735e-21,3.140450174597993e-21,3.0809087930028834e-21,3.0228504472761824e-21
0,0,0,0,0,0,0,0,0,0,0,0,0,0,0,0,0,0,0,7.1753913515313e-24,7.645555578857515e-22,7.120094768987512e-21,2.176284014642071e-20,4.467358706021707e-20,7.556969293442819e-20,1.1406730440994896e-19,1.5991795798732608e-19,2.0667615801841048e-19,2.421172849734779e-19,2.6402216976568993e-19,2.731585812137725e-19,2.699303506992964e-19,2.559976958269938e-19,2.386453527248175e-19,2.224451058084935e-19,2.076998250434677e-19,1.9422637563976923e-19,1.8188440137538806e-19,1.7056315654094794e-19,1.6017635514706351e-19,1.5061188593452145e-19,1.417880422584816e-19,1.3364004814860407e-19,1.2611329603197603e-19,1.1913745182215442e-19,1.1266273749035992e-19,1.0665036165823783e-19,1.0106319123039659e-19,9.585646971739725e-20,9.099857384491008e-20,8.646596479913864e-20,8.223167892093115e-20,7.826712474049694e-20,7.455149187207284e-20,7.107011653185559e-20,6.780280987291046e-20,6.473110038787615e-20,6.18409939841778e-20,5.912286018955234e-20,5.656158640764579e-20,5.414493237991563e-20,5.1863389326850693e-20,4.9710227546557243e-20,4.767416541263428e-20,4.57468873309827e-20,4.39219027216084e-20,4.2194178029035044e-20,4.0555340711610605e-20,3.8999597320320926e-20,3.752252660357805e-20,3.6120101882364756e-20,3.4786171343825155e-20,3.351659212434082e-20,3.230838389395035e-20,3.1158129112496294e-20,3.0061378703245595e-20,2.901509294038917e-20,2.801728891389459e-20,2.706495573499149e-20,2.6154935853966154e-20,2.5284965706451445e-20,2.4453670838029828e-20,2.3658458293841815e-20,2.289706610441264e-20,2.216781081852736e-20,2.1469671549594697e-20,2.080047194847061e-20,2.015856547782606e-20,1.9542709974165328e-20,1.895208120661408e-20,1.8384893506606954e-20,1.7839926570915207e-20,1.731627670368436e-20,1.6813220709372153e-20,1.6329326464446708e-20,1.5863670855322183e-20,1.5415611537138636e-20,1.4984469215926112e-20,1.4569124499939437e-20,1.416886269692923e-20,1.3783244331502552e-20,1.3411601047655322e-20,1.3053085807358389e-20,1.2707135576518553e-20,1.2373449998330019e-20,1.2051382257596354e-20,1.1740300876690745e-20,1.143976282056954e-20,1.1149546383244608e-20,1.0869056617855474e-20,1.0597817416922748e-20,1.0335485390405908e-20,1.0081877760968443e-20,9.836467853608282e-21,9.598891634339024e-21,9.368888593296402e-21,9.146289245783466e-21,8.930642556916243e-21,8.721665287925991e-21,8.519165944145418e-21,8.3229722587296e-21,8.132710433659246e-21,7.948155356121436e-21,7.769173038537142e-21,7.595578827520728e-21,7.427074167375773e-21,7.263476074245827e-21,7.104696612729335e-21,6.950536297995743e-21,6.80076581193109e-21,6.65523550853438e-21,6.513884657274606e-21,6.376512850255954e-21,6.2429438554048835e-21,6.113057356635211e-21,5.986805206091047e-21,5.863997489093388e-21,5.7444972896900166e-21,5.628210387080197e-21,5.515091210105049e-21,5.404967648515358e-21,5.297731739512307e-21,5.1933123793241096e-21,5.091659895453358e-21,4.992624374230826e-21,4.89611900268228e-21,4.8020930792134e-21,4.710488544705819e-21,4.6211800123787225e-21,4.534095945679525e-21
0,0,0,0,0,0,0,0,0,0,0,0,0,0,0,0,0,0,0,0,0,0,0,0,0,0,4.2397133546089835e-23,3.363010627461981e-21,1.601894592562851e-20,3.9048868038792135e-20,7.206827490547495e-20,1.1494990403071954e-19,1.6541212296263291e-19,2.097091518179554e-19,2.3923317147109402e-19,2.535950337034549e-19,2.5379919688631075e-19,2.4229724785456493e-19,2.274083990948859e-19,2.1355988734942753e-19,2.0080777443168639e-19,1.890431225283897e-19,1.7817956715137035e-19,1.6814430113062512e-19,1.5884354945445633e-19,1.5021094408615327e-19,1.4219476526730368e-19,1.3474550419455479e-19,1.2780348794780563e-19,1.2132655385643432e-19,1.1528331809716633e-19,1.096378305698405e-19,1.0435197084736854e-19,9.939799286426399e-20,9.47563456948347e-20,9.040011195871481e-20,8.630466396957931e-20,8.245134368747526e-20,7.882731099895565e-20,7.541241658565228e-20,7.219034075897524e-20,6.914840565595667e-20,6.627763870148093e-20,6.356299833175971e-20,6.099339753374782e-20,5.856018254871099e-20,5.62566422391689e-20,5.407161366505843e-20,5.1997372538249194e-20,5.002802409362311e-20,4.815819964167213e-20,4.637969709502018e-20,4.468699285758568e-20,4.3076113315845957e-20,4.1542501932786776e-20,4.0080226844588077e-20,3.868523524644754e-20,3.735488336461491e-20,3.6085156842127e-20,3.487184578195788e-20,3.371193221962202e-20,3.2603583622906336e-20,3.1543342857659053e-20,3.05281940858323e-20,2.955589279604677e-20,2.862507786090492e-20,2.7732847598210244e-20,2.6877006713119203e-20,2.6055899054223127e-20,2.5268425691205434e-20,2.451220582836556e-20,2.378561246014566e-20,2.3087440707181953e-20,2.2416726347517993e-20,2.1771559959879606e-20,2.115071077563542e-20,2.055332236940476e-20,1.997848905230761e-20,1.9424718362021557e-20,1.889105741385816e-20,1.8376920264184718e-20,1.7881415807489382e-20,1.740341470513835e-20,1.6942166275188558e-20,1.6497270057999426e-20,1.6067863667981268e-20,1.5653105168815086e-20,1.5252403870858018e-20,1.486546417801034e-20,1.4491492859683282e-20,1.4129855131425832e-20,1.3780093158257906e-20,1.344196324686185e-20,1.3114763192133735e-20,1.27980076349389e-20,1.2491349242756171e-20,1.2194562045074764e-20,1.1907044686226901e-20,1.162841952970381e-20,1.1358431259547413e-20,1.1096850195865436e-20,1.0843177961336095e-20,1.0597114417609225e-20,1.0358480921761805e-20,1.0127031279177917e-20,9.902367431599604e-21,9.684245410360357e-21,9.472547972971853e-21,9.267009150353302e-21,9.067323197311915e-21,8.87329059386808e-21,8.684830369235879e-21,8.501675323630332e-21,8.323590490400228e-21,8.150415454546808e-21,7.982086021509833e-21,7.818348981897583e-21,7.65902178844642e-21,7.503978818472698e-21,7.353159312874056e-21,7.206333800544102e-21,7.06335833687171e-21,6.924138120639314e-21,6.788606924513049e-21,6.656564871636661e-21,6.5278962160314075e-21,6.402533358289367e-21,6.28039888936495e-21,6.161325633605035e-21,6.045218212774191e-21
0,0,0,0,0,0,0,0,0,0,0,0,0,0,0,0,0,0,0,0,0,0,0,0,0,0,0,0,0,0,0,9.05238031920826e-24,9.759607946117424e-22,9.629574393838442e-21,3.021274867818178e-20,6.296692139468989e-20,1.07253560364602e-19,1.591348712032807e-19,2.0262994097738383e-19,2.2923167816417837e-19,2.3969041338931693e-19,2.353262074081158e-19,2.22713375583029e-19,2.1017187881223018e-19,1.9854640925422347e-19,1.8775608881457134e-19,1.777362704090485e-19,1.6842507053551745e-19,1.5974790105957517e-19,1.5165206077374256e-19,1.4409832148498784e-19,1.3704174738493956e-19,1.3043468986625038e-19,1.2424246774928054e-19,1.1844064336497056e-19,1.129955713482016e-19,1.0787646833569036e-19,1.0306001272042734e-19,9.853015500951159e-20,9.426170957328002e-20,9.023427762575239e-20,8.643201247892701e-20,8.284369886736127e-20,7.945053559648358e-20,7.623866446029792e-20,7.319726869772623e-20,7.031795972608254e-20,6.75867844344356e-20,6.499408785298903e-20,6.253250182325221e-20,6.01953157546605e-20,5.797227745250723e-20,5.585648270083939e-20,5.384296468357037e-20,5.1926027959708565e-20,5.00982579992608e-20,4.8354589001043e-20,4.6691716381477147e-20,4.510462239723507e-20,4.3588044889792225e-20,4.213821155606223e-20,4.075283182339042e-20,3.942758444880217e-20,3.815869978715069e-20,3.6943372312643963e-20,3.577990068482313e-20,3.4664657947586426e-20,3.3594900093324283e-20,3.2568557016473694e-20,3.1584255109676146e-20,3.063901849862555e-20,2.973081350859946e-20,2.88581341012848e-20,2.801977504796544e-20,2.7213349668546144e-20,2.6437319564437687e-20,2.569061424719591e-20,2.4972101651492058e-20,2.427991627484852e-20,2.361286705956121e-20,2.2970221605701394e-20,2.2350866076413552e-20,2.1753388855479454e-20,2.117685162840787e-20,2.062075384088634e-20,2.0084017554510618e-20,1.9565590391431343e-20,1.906473401944695e-20,1.8581078958371493e-20,1.8113633710056925e-20,1.7661604826019938e-20,1.722442003567329e-20,1.6801774734685575e-20,1.6392791202164608e-20,1.5996862763720925e-20,1.561355527125639e-20,1.5242586273052517e-20,1.488320410491563e-20,1.453493674029458e-20,1.4197465047144834e-20,1.3870501937208482e-20,1.3553424464020084e-20,1.3245857469810178e-20,1.2947577659953174e-20,1.2658277303621231e-20,1.2377458848108799e-20,1.210481734491233e-20,1.1840206246846557e-20,1.1583293106001925e-20,1.133369575633906e-20,1.1091164807966697e-20,1.0855599051494495e-20,1.0626664500694863e-20,1.0404067459128425e-20,1.0187607416153712e-20,9.977204131814655e-21,9.772541107168198e-21,9.573390167360271e-21,9.379594290384988e-21,9.191077530435013e-21,9.007553060224264e-21,8.828840956263444e-21,8.65482272182161e-21,8.485415576078398e-21,8.320369683064782e-21,8.159540366156851e-21,8.002843129511012e-21,7.850181215732337e-21,7.701345663703076e-21,7.556217255449125e-21
0,0,0,0,0,0,0,0,0,0,0,0,0,0,0,0,0,0,0,0,0,0,0,0,0,0,0,0,0,0,0,0,0,0,0,0,1.0527234126735742e-23,1.8063030326090424e-21,1.3276670273272122e-20,3.867884104754347e-20,7.743688099071397e-20,1.2790435342304567e-19,1.776005938265948e-19,2.1034310794782938e-19,2.254316954606143e-19,2.2410281885154593e-19,2.132740697532027e-19,2.0210189040672963e-19,1.9168970919824567e-19,1.8197509473499867e-19,1.7291097509388514e-19,1.6444342949108147e-19,1.5651528191597634e-19,1.4908491664031467e-19,1.421230096501695e-19,1.3558918814431647e-19,1.2944651358449114e-19,1.2366700117692767e-19,1.1823139231098684e-19,1.1310946545640694e-19,1.0827674306245584e-19,1.0371420987450641e-19,9.940840811967381e-20,9.533677727919003e-20,9.148268818009094e-20,8.783316123534115e-20,8.437813055383976e-20,8.110085308131767e-20,7.798974332375389e-20,7.503595984943614e-20,7.223145027617137e-20,6.956391246910244e-20,6.702506170499052e-20,6.46089380461777e-20,6.230870724056936e-20,6.011547221290624e-20,5.802315424822941e-20,5.602778800702022e-20,5.4123352441408676e-20,5.2303533217180475e-20,5.0563803754162475e-20,4.890141547661031e-20,4.7311183103192e-20,4.578858324313264e-20,4.433024940197656e-20,4.293414005394692e-20,4.159590302818072e-20,4.031224564904824e-20,3.908068389058887e-20,3.789956949080134e-20,3.6765331545300855e-20,3.5675529743363124e-20,3.4628356912284374e-20,3.362236683624217e-20,3.265469561523926e-20,3.1723497245814943e-20,3.0827487193917724e-20,2.996530703623051e-20,2.913471826054076e-20,2.8334291655551095e-20,2.756314837697981e-20,2.6819951874790803e-20,2.6103008278200303e-20,2.5411191655469845e-20,2.4743901365777493e-20,2.4099843935482125e-20,2.3477756562364924e-20,2.2876753283705435e-20,2.229639074125651e-20,2.1735479185478974e-20,2.1193066516795823e-20,2.0668466038344518e-20,2.0161312239747016e-20,1.9670551898635698e-20,1.9195457035259172e-20,1.8735506693021908e-20,1.8290361943603603e-20,1.785912082654189e-20,1.7441216932940498e-20,1.7036267319872398e-20,1.664392749539559e-20,1.6263449954059185e-20,1.589438452479205e-20,1.5536463264907236e-20,1.5189316912383095e-20,1.4852348428179956e-20,1.4525191888929946e-20,1.4207671445140574e-20,1.3899388175494677e-20,1.3599883499338185e-20,1.3308858160934925e-20,1.3026190713940549e-20,1.2751480391131072e-20,1.2484374771068197e-20,1.222463325073743e-20,1.1972159546095336e-20,1.1726573873808583e-20,1.1487602435153493e-20,1.1255056811362434e-20,1.102884587116154e-20,1.080862543576226e-20,1.0594179605731097e-20,1.0385366190756042e-20,1.0182085857880114e-20,9.984038816095533e-21,9.79105146049243e-21,9.60302240016939e-21,9.419835530959958e-21,9.24124010968923e-21,9.06709308058849e-21
0,0,0,0,0,0,0,0,0,0,0,0,0,0,0,0,0,0,0,0,0,0,0,0,0,0,0,0,0,0,0,0,0,0,0,0,0,0,0,0,0,6.0326590286937e-22,7.935656491641034e-21,3.00447520413895e-20,6.702441696896352e-20,1.173547362744295e-19,1.677968621897156e-19,2.006159815493216e-19,2.146199815322399e-19,2.1191536917337208e-19,2.0172127905515312e-19,1.918428770131314e-19,1.8259374711539147e-19,1.739253396505696e-19,1.6580344465834849e-19,1.5818096245001492e-19,1.5101479981427294e-19,1.442723091508792e-19,1.3793102299315692e-19,1.3195568432091938e-19,1.263177371513023e-19,1.2099499792144705e-19,1.1597176653390124e-19,1.1122172345227017e-19,1.0672546876259152e-19,1.024678602282492e-19,9.843715478651059e-20,9.461381966728614e-20,9.098433900976291e-20,8.753839822915127e-20,8.42666032610515e-20,8.11546021976271e-20,7.819272992093248e-20,7.537403345272678e-20,7.269053982268139e-20,7.01318695311713e-20,6.769093103206491e-20,6.536309828378711e-20,6.314134701574474e-20,6.101831080383773e-20,5.898870885231688e-20,5.704933461969781e-20,5.51941388567529e-20,5.341784448854633e-20,5.1716524097705384e-20,5.008779600087705e-20,4.852658287157772e-20,4.7029043410900967e-20,4.559227970624343e-20,4.421436886335889e-20,4.289114499630817e-20,4.161976119152581e-20,4.0398109166474673e-20,3.922450173787831e-20,3.809559782475433e-20,3.700924384385547e-20,3.5963941232978154e-20,3.495810522927622e-20,3.3989124341220885e-20,3.3055331223342603e-20,3.21557005989492e-20,3.128867322298603e-20,3.0452272993121454e-20,2.9645186375669717e-20,2.8866712651461424e-20,2.8115342829195286e-20,2.738960369944296e-20,2.6688461681004248e-20,2.601139954359549e-20,2.535702930245363e-20,2.47242402198458e-20,2.4112231181965564e-20,2.352057577735507e-20,2.294804529648324e-20,2.2393790464129136e-20,2.185720352227899e-20,2.133788907061628e-20,2.0834794864666493e-20,2.0347260120885014e-20,1.9874838090666094e-20,1.941712688306482e-20,1.897325444380255e-20,1.8542695594623765e-20,1.8125137748421147e-20,1.772015011699707e-20,1.732703618309076e-20,1.6945369053442473e-20,1.657494357864208e-20,1.6215294369385642e-20,1.5865886436635953e-20,1.5526370662878452e-20,1.519660536646508e-20,1.4876123004621403e-20,1.4564512435699177e-20,1.4261492967580373e-20,1.3966952273442578e-20,1.3680447290722976e-20,1.3401658600548847e-20,1.3130366389951225e-20,1.2866464343428051e-20,1.2609550935365289e-20,1.2359374293319044e-20,1.211576853532843e-20,1.1878617777649664e-20,1.1647572278309999e-20,1.1422429506472689e-20,1.1203071177556274e-20,1.0989361842200482e-20,1.0781008978580558e-20,1.057784569507711e-20
0,0,0,0,0,0,0,0,0,0,0,0,0,0,0,0,0,0,0,0,0,0,0,0,0,0,0,0,0,0,0,0,0,0,0,0,0,0,0,0,0,0,0,0,0,5.330173008186765e-22,8.116403991744206e-21,3.1516244448065293e-20,7.104748774859148e-20,1.2339270115021687e-19,1.7057982890069482e-19,1.9773001483414588e-19,2.0534718818813925e-19,1.9871310047421505e-19,1.8948194849746396e-19,1.8077089436829044e-19,1.7258132712336326e-19,1.6487593673621926e-19,1.576290471458303e-19,1.5080036625273517e-19,1.443572599745387e-19,1.3827437669853023e-19,1.325337741855542e-19,1.271053741881418e-19,1.2196700627728981e-19,1.1710136574316844e-19,1.124950324881886e-19,1.0812568425394512e-19,1.0397787497025711e-19,1.0003981701939477e-19,9.630077476416787e-20,9.274434669092191e-20,8.935948739957751e-20,8.613825095229452e-20,8.30715257533743e-20,8.014744999971961e-20,7.735791939662389e-20,7.469764725433655e-20,7.215860616135538e-20,6.973237768949375e-20,6.741292688893366e-20,6.519658928979844e-20,6.307645174542238e-20,6.104648355817275e-20,5.910219643350367e-20,5.724086855822627e-20,5.545669750937366e-20,5.374529340950362e-20,5.210334449312304e-20,5.052865325613733e-20,4.9016458879574377e-20,4.756350788018661e-20,4.616739089015937e-20,4.482617977841339e-20,4.353605632189585e-20,4.229455938265643e-20,4.1099976387793734e-20,3.9950496253390815e-20,3.884313453901957e-20,3.7775985784458466e-20,3.6747878292546536e-20,3.575703014137169e-20,3.4801183020070713e-20,3.3878835808309815e-20,3.2989187716733576e-20,3.213051425395632e-20,3.1301131820499135e-20,3.049985922872055e-20,2.9726105382324756e-20,2.897828407749114e-20,2.825512595126812e-20,2.755571548223619e-20,2.6879565362824257e-20,2.6225271410648988e-20,2.5591863064911693e-20,2.4978645773259102e-20,2.4385167667983874e-20,2.3810226232855184e-20,2.325306631737647e-20,2.271317737246665e-20,2.219010011285889e-20,2.1682837945603895e-20,2.1190790691378687e-20,2.0713601122296403e-20,2.0250776929000945e-20,1.9801522124123044e-20,1.9365348849483236e-20,1.89420226581432e-20,1.8531011698232783e-20,1.8131704578562826e-20,1.774370232390668e-20,1.736684301896278e-20,1.700059235085187e-20,1.6644480462504483e-20,1.6298186575968366e-20,1.596158232295043e-20,1.5634161366818864e-20,1.5315558672272315e-20,1.5005523034700694e-20,1.4703932955612065e-20,1.4410329567243588e-20,1.4124425027074627e-20,1.3846029763427496e-20,1.3575011343121348e-20,1.3310970077292045e-20,1.3053674511534899e-20,1.280298946896611e-20,1.2558760156609213e-20,1.2320652277396692e-20,1.2088475105802342e-20
0,0,0,0,0,0,0,0,0,0,0,0,0,0,0,0,0,0,0,0,0,0,0,0,0,0,0,0,0,0,0,0,0,0,0,0,0,0,0,0,0,0,0,0,0,0,0,0,0,1.433220063146283e-21,1.3218638746151937e-20,4.262017328845212e-20,8.884086175846285e-20,1.4214162641422704e-19,1.7954077176222106e-19,1.9570435717248609e-19,1.9378045843998414e-19,1.8547788402682073e-19,1.7732546485875383e-19,1.6964351133771327e-19,1.6239531161435555e-19,1.555523462844832e-19,1.4909443115009138e-19,1.4298772955917286e-19,1.3720730079362835e-19,1.3173367784677106e-19,1.265517637229233e-19,1.2163644690285656e-19,1.169703512644367e-19,1.1254021627712486e-19,1.0833396484034979e-19,1.0433314600179129e-19,1.0052533419180282e-19,9.69015905939242e-20,9.345166507994528e-20,9.016221366418351e-20,8.702411938595038e-20,8.403143496119798e-20,8.117512991932435e-20,7.844573391385098e-20,7.583645790239467e-20,7.334317952403216e-20,7.095812180511331e-20,6.867450048676899e-20,6.64872664430215e-20,6.439335775858491e-20,6.238624697314306e-20,6.046099567545633e-20,5.861387828089294e-20,5.684242269790535e-20,5.514127322300724e-20,5.350676983642606e-20,5.193620210962411e-20,5.0427400983369403e-20,4.897607113145127e-20,4.7579443886298416e-20,4.623559268176494e-20,4.4942480131320296e-20,4.369674887605233e-20,4.249625536040659e-20,4.133968147869436e-20,4.0225022650306204e-20,3.914973837886232e-20,3.8112139972679194e-20,3.71113265803765e-20,3.6145358228058896e-20,3.521234094335491e-20,3.431094594421959e-20,3.344050827436902e-20,3.259924352709043e-20,3.1785723727149963e-20,3.099891895484536e-20,3.023828101145858e-20,2.9502230256064415e-20,2.878967485217766e-20,2.8099833460183946e-20,2.7432197749590196e-20,2.678541494466446e-20,2.6158635535654113e-20,2.5551285178205934e-20,2.496284719741184e-20,2.4392200471808452e-20,2.383866982712189e-20,2.3301853398326376e-20,2.2781197359924602e-20,2.2275806262550898e-20,2.1785131288077986e-20,2.1308908694428678e-20,2.0846540172586822e-20,2.039733793544218e-20,1.996085315412207e-20,1.9536903681321537e-20,1.912488843950186e-20,1.872427886096073e-20,1.8334714085180856e-20,1.7956049703706675e-20,1.7587716110997634e-20,1.722930265904388e-20,1.6880526754154306e-20,1.6541251716085318e-20,1.6210961339601734e-20,1.5889331815039637e-20,1.557614988293653e-20,1.5271266562024168e-20,1.497423222062034e-20,1.4684786483111233e-20,1.4402777281688344e-20,1.4128030481336542e-20,1.386017001315246e-20,1.3598981319646816e-20
0,0,0,0,0,0,0,0,0,0,0,0,0,0,0,0,0,0,0,0,0,0,0,0,0,0,0,0,0,0,0,0,0,0,0,0,0,0,0,0,0,0,0,0,0,0,0,0,0,0,0,0,1.8116717013336902e-22,5.1961920664567416e-21,2.6510223570825805e-20,6.651171319102593e-20,1.1991105152436678e-19,1.640235555163044e-19,1.860244745053915e-19,1.8763247926736927e-19,1.8043189215295386e-19,1.7282890675804301e-19,1.656537375029812e-19,1.588687896377407e-19,1.5244635238105847e-19,1.4636479660573777e-19,1.4060734855477252e-19,1.3514610767559012e-19,1.299617679515096e-19,1.250395960593069e-19,1.2036617354443354e-19,1.159210001830464e-19,1.1169027034849222e-19,1.0766405242666526e-19,1.0383095784969756e-19,1.0017616057020118e-19,9.668953104409419e-20,9.336446144690624e-20,9.01909183307408e-20,8.715837951661693e-20,8.425930193108671e-20,8.148910535952368e-20,7.883914907174318e-20,7.63018953090966e-20,7.387173415991335e-20,7.154526363454752e-20,6.931523129446448e-20,6.717615023936313e-20,6.512388109922224e-20,6.315567721743537e-20,6.126558805451807e-20,5.944954708732809e-20,5.770454285115783e-20,5.60281653782716e-20,5.441564227821121e-20,5.28638973788651e-20,5.1370790138295186e-20,4.9934056885813584e-20,4.8549967374437545e-20,4.721613997269766e-20,4.593111017831797e-20,4.46926507701506e-20,4.349793908931301e-20,4.2345098888069413e-20,4.123312926117516e-20,4.015987476979901e-20,3.9123231085833996e-20,3.8121721844868824e-20,3.715460823665513e-20,3.6219907667752534e-20,3.531603356358057e-20,3.444184161548406e-20,3.3596722738564006e-20,3.2778921847662915e-20,3.198722584049977e-20,3.122076659727708e-20,3.0478979329320843e-20,2.976036101365249e-20,2.9063967788958864e-20,2.838916152081745e-20,2.773536814935932e-20,2.710134203476301e-20,2.6486333013920003e-20,2.588989458830596e-20,2.531141142129939e-20,2.474988860964985e-20,2.4204716380253895e-20,2.3675601698284614e-20,2.3161879802999825e-20,2.2662786517598708e-20,2.217782316362837e-20,2.1706787363430523e-20,2.1249011280251955e-20,2.0803907640545752e-20,2.0371075504498474e-20,1.9950354424800295e-20,1.9541111532161803e-20,1.9142890569584636e-20,1.875537755685662e-20,1.8378420633220646e-20,1.801144626064537e-20,1.765409466525692e-20,1.7306128901739853e-20,1.696738344208811e-20,1.6637358715874507e-20,1.6315765428634814e-20,1.600243462301334e-20,1.5697172823533765e-20,1.5399562192863577e-20,1.5109364343494045e-20
0,0,0,0,0,0,0,0,0,0,0,0,0,0,0,0,0,0,0,0,0,0,0,0,0,0,0,0,0,0,0,0,0,0,0,0,0,0,0,0,0,0,0,0,0,0,0,0,0,0,0,0,0,0,0,1.786005189551619e-23,2.367136679699856e-21,1.8192385961573537e-20,5.389823398000947e-20,1.0625250304453699e-19,1.530658404144195e-19,1.7815034567178194e-19,1.8123972258944124e-19,1.7474855449631105e-19,1.6768416110911642e-19,1.6099472208683084e-19,1.5466178704787228e-19,1.486546666337908e-19,1.4295212509075598e-19,1.3753795642297594e-19,1.3239740093132245e-19,1.2750790928756302e-19,1.2285429592059158e-19,1.184256364996271e-19,1.1420940410999208e-19,1.1018929076346651e-19,1.0635415441515877e-19,1.0269672675404826e-19,9.920597143674404e-20,9.587031453754767e-20,9.268145901344345e-20,8.963436683344312e-20,8.671953358127335e-20,8.392866805995959e-20,8.125559961787472e-20,7.869658621874843e-20,7.62436505049551e-20,7.389075713186551e-20,7.163335297781629e-20,6.946841684353495e-20,6.738940340205231e-20,6.539183966000977e-20,6.347241314108165e-20,6.162847298867646e-20,5.985476978699659e-20,5.814791988446963e-20,5.650556878081657e-20,5.492522653964738e-20,5.340279005632056e-20,5.193563964286867e-20,5.052216441236816e-20,4.915991452129079e-20,4.7845785171263736e-20,4.6577712573795563e-20,4.5354595777937435e-20,4.4174063897494994e-20,4.3033802265781895e-20,4.193218694805691e-20,4.0868405286130625e-20,3.984027651599864e-20,3.8846055476668863e-20,3.7884483479862444e-20,3.6954890559465185e-20,3.605534620039611e-20,3.5184516044468536e-20,3.434144519877938e-20,3.3525512421078376e-20,3.2735064453394056e-20,3.1969063090547857e-20,3.1226806413250494e-20,3.050766298135242e-20,2.9810262646829454e-20,2.913378026385437e-20,2.847772470404448e-20,2.784141912467074e-20,2.7223769176709216e-20,2.662410413705159e-20,2.6042101680510294e-20,2.5477030600036755e-20,2.492805033536971e-20,2.4394612362541664e-20,2.3876494075190952e-20,2.3372960882794606e-20,2.2883366810748946e-20,2.24072708432132e-20,2.1944496495331352e-20,2.1494347639224783e-20,2.1056322412626347e-20,2.0630075451362634e-20,2.0215439715401098e-20,1.9811784338590157e-20,1.941871358577914e-20,1.9035966827731403e-20,1.8663361991052585e-20,1.8300349570643448e-20,1.7946611355547843e-20,1.76019615002404e-20,1.7266187190360922e-20,1.6938828823554334e-20,1.6619624184235946e-20
0,0,0,0,0,0,0,0,0,0,0,0,0,0,0,0,0,0,0,0,0,0,0,0,0,0,0,0,0,0,0,0,0,0,0,0,0,0,0,0,0,0,0,0,0,0,0,0,0,0,0,0,0,0,0,0,0,0,7.365176904781764e-24,1.3974640024491798e-21,1.4959583422648598e-20,4.861396751967184e-20,1.0067762338607699e-19,1.4763805602752297e-19,1.723016349150724e-19,1.7519911214823338e-19,1.6871507926619175e-19,1.6216212383894323e-19,1.5594142274130185e-19,1.5003529742501868e-19,1.44427647055777e-19,1.390938733680792e-19,1.340174109589143e-19,1.291863428617914e-19,1.245870039080667e-19,1.2020160428955464e-19,1.16017989543133e-19,1.1202823092510006e-19,1.0822028927836632e-19,1.0458153901629582e-19,1.0110292918779855e-19,9.777896398286389e-20,9.459927536957162e-20,9.155481877407149e-20,8.863886285051349e-20,8.584732554373711e-20,8.31715046361498e-20,8.060481638352516e-20,7.81422939463031e-20,7.578064160493671e-20,7.351271929348267e-20,7.133364758151764e-20,6.923981300564823e-20,6.722832384007393e-20,6.529345368256378e-20,6.343151142716237e-20,6.163992863270018e-20,5.991598911553914e-20,5.825521694378918e-20,5.665475439240053e-20,5.511284420174123e-20,5.3626813924059665e-20,5.219327664450388e-20,5.0809981049122547e-20,4.9475726149422326e-20,4.8187925629417575e-20,4.694405450099768e-20,4.5742341271127326e-20,4.458189943969898e-20,4.346035008830696e-20,4.2375789482481836e-20,4.1326844563649817e-20,4.031278448944694e-20,3.9331503329176764e-20,3.8381545478636504e-20,3.746186927889473e-20,3.6571797038729164e-20,3.57095252774286e-20,3.4873921453643704e-20,3.406421986842071e-20,3.3279731706009326e-20,3.251896232033755e-20,3.178101158897495e-20,3.1065343757320506e-20,3.0371220481554064e-20,2.969744797498893e-20,2.904329456948299e-20,2.8408408651876915e-20,2.7791992574235086e-20,2.7193129399065593e-20,2.6611220760951766e-20,2.6046023826478336e-20,2.549673725679701e-20,2.4962656381035028e-20,2.4443300110592845e-20,2.3938475924376253e-20,2.3447424441076768e-20,2.2969598196878053e-20,2.2504620446205085e-20,2.205230897098792e-20,2.161197558163039e-20,2.1183188584638005e-20,2.0765663668784593e-20,2.035920221663692e-20,1.9963204792496315e-20,1.957732427127317e-20,1.9201357920649796e-20,1.883507358895944e-20,1.847796991223075e-20,1.8129760848746508e-20
0,0,0,0,0,0,0,0,0,0,0,0,0,0,0,0,0,0,0,0,0,0,0,0,0,0,0,0,0,0,0,0,0,0,0,0,0,0,0,0,0,0,0,0,0,0,0,0,0,0,0,0,0,0,0,0,0,0,0,0,0,4.5954658433305114e-24,1.234149948697514e-21,1.4994001507170925e-20,4.96233468887713e-20,1.018239580395066e-19,1.4715248318112451e-19,1.6829429725427266e-19,1.6870288848514125e-19,1.6253161912244564e-19,1.5645691197267693e-19,1.506788924774481e-19,1.4517961551438447e-19,1.3994617156224657e-19,1.349637572912621e-19,1.3021310119413983e-19,1.2568103647210158e-19,1.2135897400263032e-19,1.1723387189672928e-19,1.1329205299260044e-19,1.0952371249256933e-19,1.059228968449401e-19,1.0247837447258385e-19,9.918034748622132e-20,9.602152389151078e-20,9.299748164213394e-20,9.009879371965217e-20,8.731832802497039e-20,8.465070403437528e-20,8.209235153043585e-20,7.963553575674259e-20,7.727497087895714e-20,7.500674247116735e-20,7.282771795800948e-20,7.073169398972305e-20,6.871467203104608e-20,6.6773869717368e-20,6.490634463625582e-20,6.310724805897924e-20,6.1373484242821e-20,5.970314956737906e-20,5.809334899883438e-20,5.654041352886588e-20,5.504190433335714e-20,5.3596520394429647e-20,5.220145998387725e-20,5.085398780931924e-20,4.9552184831461296e-20,4.829509071430046e-20,4.7080128401191625e-20,4.5905235597121473e-20,4.476892488254958e-20,4.3670404543827356e-20,4.26073932489501e-20,4.157831415758796e-20,4.05820388518579e-20,3.961783319616979e-20,3.868374349932507e-20,3.777854289149784e-20,3.690140189927184e-20,3.6051574335975705e-20,3.5227441067643856e-20,3.4428027001357906e-20,3.365275175993828e-20,3.2900815503489846e-20,3.217092501577346e-20,3.1462287688583994e-20,3.0774522623179134e-20,3.010676573615525e-20,2.9458023719019256e-20,2.882764836897041e-20,2.8215376627189667e-20,2.762034041194746e-20,2.7041776360889348e-20,2.6479163315925392e-20,2.593229272103115e-20,2.5400341946627346e-20,2.4882717931067767e-20,2.4379012549935313e-20,2.388902840836058e-20,2.3412019997978214e-20,2.294751966988274e-20,2.2495219432789985e-20,2.2054904126577204e-20,2.162592438901874e-20,2.1207904183249796e-20,2.0800623891537698e-20,2.0403832026486286e-20,2.0016985465914102e-20,1.9639774343914712e-20
0,0,0,0,0,0,0,0,0,0,0,0,0,0,0,0,0,0,0,0,0,0,0,0,0,0,0,0,0,0,0,0,0,0,0,0,0,0,0,0,0,0,0,0,0,0,0,0,0,0,0,0,0,0,0,0,0,0,0,0,0,0,0,0,0,1.9386220538004925e-21,1.7985607406419964e-20,5.629507447336861e-20,1.0957122662353304e-19,1.4999816952032735e-19,1.6497984919635802e-19,1.622063021090438e-19,1.5634090963788483e-19,1.507051226500411e-19,1.4533966430688057e-19,1.4022378152285935e-19,1.3534329524611323e-19,1.3068895602917308e-19,1.262467193329213e-19,1.2200185650616823e-19,1.179438089661417e-19,1.1406616545679586e-19,1.1035683092622696e-19,1.0680525423117004e-19,1.0340358277452031e-19,1.0014705454653277e-19,9.70255177870402e-20,9.403129208680467e-20,9.115858327170134e-20,8.840354664880421e-20,8.575785281974289e-20,8.321580957941169e-20,8.07732015639275e-20,7.84266553680079e-20,7.61694907332645e-20,7.399740172020399e-20,7.190739205822305e-20,6.989629312454585e-20,6.795888342400869e-20,6.609182921564035e-20,6.429308053020647e-20,6.255951976597561e-20,6.088719584416611e-20,5.927348244579058e-20,5.771697853174401e-20,5.621466697916965e-20,5.476360220856991e-20,5.336171764642591e-20,5.2007979126861594e-20,5.0699611471153325e-20,4.943439383667672e-20,4.821072445225241e-20,4.702775073791208e-20,4.588301597464919e-20,4.4774822095895303e-20,4.370195393189217e-20,4.2663620907285594e-20,4.16577191326414e-20,4.0682927417350945e-20,3.973835251873714e-20,3.882319088388696e-20,3.793569890109494e-20,3.707482651306962e-20,3.623994872369247e-20,3.5430204202009217e-20,3.4644200310338123e-20,3.388108350538155e-20,3.314044360520286e-20,3.242135009634911e-20,3.172273330555516e-20,3.1043895196701163e-20,3.03845524872139e-20,2.974377035792638e-20,2.912072675978953e-20,2.851486046849129e-20,2.7925946894384837e-20,2.7353100164778866e-20,2.6795681623916415e-20,2.62532517710977e-20,2.5725598035891727e-20,2.52119175958391e-20,2.4711706849556012e-20,2.4224634127631722e-20,2.3750467728603273e-20,2.3288508367790217e-20,2.2838351098910705e-20,2.2399759420194325e-20,2.1972462510092612e-20,2.1555875491619978e-20,2.1149664676623923e-20
0,0,0,0,0,0,0,0,0,0,0,0,0,0,0,0,0,0,0,0,0,0,0,0,0,0,0,0,0,0,0,0,0,0,0,0,0,0,0,0,0,0,0,0,0,0,0,0,0,0,0,0,0,0,0,0,0,0,0,0,0,0,0,0,0,0,0,3.255018826258566e-23,3.6665307328965674e-21,2.4679635419242886e-20,6.871879252935552e-20,1.2115024890034617e-19,1.5338760699325044e-19,1.6048264044217136e-19,1.557147250022099e-19,1.5023364532133645e-19,1.4500476590920347e-19,1.4001817704724935e-19,1.3525883162801804e-19,1.3071094959669374e-19,1.2636321864688988e-19,1.2220876985554362e-19,1.1823464476640654e-19,1.1442953904366776e-19,1.1078503953318555e-19,1.0729604428951751e-19,1.0395167686988211e-19,1.0074370859962203e-19,9.766593168794065e-20,9.471422698880485e-20,9.18796705103857e-20,8.915616370995643e-20,8.653919031020911e-20,8.40251360955861e-20,8.160684393797073e-20,7.927970051871195e-20,7.704049567866115e-20,7.488583460315075e-20,7.281012306098865e-20,7.080978933236223e-20,6.888263711114189e-20,6.702532624583772e-20,6.523362361021483e-20,6.350471540570805e-20,6.183710058014422e-20,6.022754663358481e-20,5.867289771656763e-20,5.717093973338297e-20,5.572056469430373e-20,5.43187993146877e-20,5.296326421723155e-20,5.1652243288444167e-20,5.0384823087002125e-20,4.9158371521202604e-20,4.79710693081265e-20,4.682161453321642e-20,4.5709160185957596e-20,4.4631452190931366e-20,4.358707504443964e-20,4.257507173974592e-20,4.1594581362374644e-20,4.0643735833033597e-20,3.9721410136172796e-20,3.882693466037412e-20,3.795938658863976e-20,3.711727386995476e-20,3.629968203089923e-20,3.550617160873068e-20,3.473574566536529e-20,3.398725816899465e-20,3.3259961254244466e-20,3.2553551416436956e-20,3.18670271044112e-20,3.1199507587210337e-20,3.055039157756816e-20,2.991943845352331e-20,2.9305699104430935e-20,2.8708489284142255e-20,2.8127338118234025e-20,2.7562017861951467e-20,2.7011668383416012e-20,2.6475750131698034e-20,2.5953907761191552e-20,2.544589303044261e-20,2.49509567363879e-20,2.4468665025686598e-20,2.3998764513907675e-20,2.3540965046927405e-20,2.3094639996361794e-20,2.2659431853755398e-20
0,0,0,0,0,0,0,0,0,0,0,0,0,0,0,0,0,0,0,0,0,0,0,0,0,0,0,0,0,0,0,0,0,0,0,0,0,0,0,0,0,0,0,0,0,0,0,0,0,0,0,0,0,0,0,0,0,0,0,0,0,0,0,0,0,0,0,0,0,0,3.775841602418938e-22,8.036603343902785e-21,3.7025934370968096e-20,8.766045238833667e-20,1.3386545373510724e-19,1.54731225579283e-19,1.5456384146938508e-19,1.4934663709937134e-19,1.4427020882308665e-19,1.3941933230386344e-19,1.3478194157318037e-19,1.3035071007828848e-19,1.2611181602902105e-19,1.220532019584576e-19,1.1816589420114298e-19,1.1444445090366534e-19,1.1087727099973974e-19,1.0745557759401027e-19,1.0417274931274653e-19,1.0102439257919481e-19,9.800098885656756e-20,9.509603329766091e-20,9.230470873628713e-20,8.962316016625579e-20,8.704375362861914e-20,8.45615684506408e-20,8.21731806020733e-20,7.987496909480735e-20,7.76609669920257e-20,7.55273646144859e-20,7.347181933109946e-20,7.149076845877095e-20,6.957969684681828e-20,6.773560323239088e-20,6.595688655840526e-20,6.424009896540902e-20,6.258187435112665e-20,6.09798511096907e-20,5.943284743354472e-20,5.793769194828705e-20,5.649184675486669e-20,5.509348140680748e-20,5.374162160639527e-20,5.2433459903535746e-20,5.1167055808846534e-20,4.994102067004661e-20,4.875445104606402e-20,4.760494268774595e-20,4.6490985785997803e-20,4.541155957522478e-20,4.436574578406767e-20,4.3351551875800045e-20,4.2367777882727613e-20,4.1413709581771854e-20,4.048836267490669e-20,3.959014570589293e-20,3.871808327615832e-20,3.7871706644542936e-20,3.704995245375024e-20,3.625159831965692e-20,3.547584655169872e-20,3.472237342474276e-20,3.3990110661077395e-20,3.327811885262451e-20,3.258575665243169e-20,3.191276740753071e-20,3.1258138774481354e-20,3.062114092046175e-20,3.000127159988429e-20,2.939828789490815e-20,2.881127236891022e-20,2.823964952434737e-20,2.768304034134959e-20,2.7141180039821055e-20,2.6613269502387384e-20,2.6098845971006623e-20,2.5597639179964258e-20,2.5109339644138158e-20,2.4633278987151543e-20,2.4169075882189e-20
0,0,0,0,0,0,0,0,0,0,0,0,0,0,0,0,0,0,0,0,0,0,0,0,0,0,0,0,0,0,0,0,0,0,0,0,0,0,0,0,0,0,0,0,0,0,0,0,0,0,0,0,0,0,0,0,0,0,0,0,0,0,0,0,0,0,0,0,0,0,0,0,0,1.4024329241911326e-21,1.706572420545207e-20,5.675520112530431e-20,1.0969809462417917e-19,1.4412863042918788e-19,1.5207808625910995e-19,1.4812700466740565e-19,1.431999777834199e-19,1.384919861621746e-19,1.339883447500067e-19,1.2967624301031924e-19,1.255461468120646e-19,1.2159227442158785e-19,1.1780230020820808e-19,1.1416689910058943e-19,1.106790361758036e-19,1.0733404344876158e-19,1.0412180788621436e-19,1.010354183696233e-19,9.806975686846431e-20,9.522072760555556e-20,9.248021983001336e-20,8.98430055400868e-20,8.730544685187518e-20,8.486369662227638e-20,8.251141523924978e-20,8.024455508353327e-20,7.806062721101532e-20,7.595584642514694e-20,7.392541557380354e-20,7.196614594514063e-20,7.007633648532185e-20,6.825232399294777e-20,6.649053213007995e-20,6.478845179272565e-20,6.314482736152027e-20,6.155628938846097e-20,6.002014146567977e-20,5.853443882304156e-20,5.70981463114055e-20,5.570828113658983e-20,5.43627816126357e-20,5.3060172356613693e-20,5.1799493501497717e-20,5.0578190636650435e-20,4.9394659655273297e-20,4.824781603811401e-20,4.713668416160828e-20,4.605914704174754e-20,4.5013929764807004e-20,4.4000273499686716e-20,4.3017132472347384e-20,4.206281582943403e-20,4.113628725219174e-20,4.02370487234314e-20,3.936397047206155e-20,3.8515753767872045e-20,3.7691551099172936e-20,3.689101852202562e-20,3.611302103761061e-20,3.535656056551486e-20,3.4620955702367366e-20,3.390593376550074e-20,3.321041918383729e-20,3.253363654160056e-20,3.1875052224597516e-20,3.123440814313899e-20,3.0610729560531653e-20,3.000340503555104e-20,2.941203187599426e-20,2.883632876447266e-20,2.8275446673372275e-20,2.772889394230781e-20,2.719638342565824e-20,2.6677586308879905e-20,2.6171792471008612e-20,2.567859676881183e-20
0,0,0,0,0,0,0,0,0,0,0,0,0,0,0,0,0,0,0,0,0,0,0,0,0,0,0,0,0,0,0,0,0,0,0,0,0,0,0,0,0,0,0,0,0,0,0,0,0,0,0,0,0,0,0,0,0,0,0,0,0,0,0,0,0,0,0,0,0,0,0,0,0,0,0,1.5052796216114149e-22,6.05943912440527e-21,3.357934014176931e-20,8.402708722429005e-20,1.2912573925045056e-19,1.478217717787943e-19,1.466325981442956e-19,1.418642309652509e-19,1.3729866223398518e-19,1.3292579739957671e-19,1.2873951487585226e-19,1.2472676452683932e-19,1.2087767314993797e-19,1.1718479230675606e-19,1.136431796262535e-19,1.1024212762721407e-19,1.0697431895290488e-19,1.0383433473300763e-19,1.008178384389893e-19,9.791624256692325e-20,9.512401181111354e-20,9.243729445145071e-20,8.985201720828781e-20,8.736146782476067e-20,8.496136076099702e-20,8.264906077179728e-20,8.042056016530968e-20,7.827077981097083e-20,7.619634356323278e-20,7.419545037966326e-20,7.226422173448184e-20,7.039887107123643e-20,6.859674179984074e-20,6.685650449514312e-20,6.517459165169673e-20,6.354814836574658e-20,6.197511555282425e-20,6.045439721732599e-20,5.898283523528575e-20,5.755824673405454e-20,5.617906960712934e-20,5.484428756613263e-20,5.355119605119168e-20,5.2298096665495976e-20,5.108384114133628e-20,4.990739650762159e-20,4.876652134321259e-20,4.76598657944675e-20,4.658662642590377e-20,4.5545695992483544e-20,4.453528425184416e-20,4.355429397001745e-20,4.260219785617318e-20,4.167779973084247e-20,4.07797245239561e-20,3.990707490676244e-20,3.905948671816644e-20,3.823575824368335e-20,3.7434832735351263e-20,3.665598873664808e-20,3.5898937536514766e-20,3.516254034139381e-20,3.444597615627248e-20,3.374868000091113e-20,3.307037861500981e-20,3.2410039966479085e-20,3.176701667334518e-20,3.1140882373003294e-20,3.053133921212094e-20,2.993748825691587e-20,2.9358808947017055e-20,2.879499725827391e-20,2.824570504829798e-20,2.7710180454942855e-20,2.7187994520501636e-20
0,0,0,0,0,0,0,0,0,0,0,0,0,0,0,0,0,0,0,0,0,0,0,0,0,0,0,0,0,0,0,0,0,0,0,0,0,0,0,0,0,0,0,0,0,0,0,0,0,0,0,0,0,0,0,0,0,0,0,0,0,0,0,0,0,0,0,0,0,0,0,0,0,0,0,0,0,9.217346982076703e-24,1.6094849832027324e-21,1.8538867676450303e-20,6.088977054376937e-20,1.1213358347732039e-19,1.4085795217324416e-19,1.445501180626902e-19,1.4030484599733747e-19,1.358861722990567e-19,1.3165066398721553e-19,1.2758789977266323e-19,1.236900177352762e-19,1.1995180114044607e-19,1.163619481074811e-19,1.1291273507459257e-19,1.0959844235620895e-19,1.0641449269208508e-19,1.0335182186414213e-19,1.0040458728780732e-19,9.756872342420589e-20,9.483993087559297e-20,9.221112477067922e-20,8.967778166839022e-20,8.723712003437284e-20,8.488490969962249e-20,8.2615789578139e-20,8.042619610596091e-20,7.831422826021651e-20,7.627579220830918e-20,7.430689119242171e-20,7.240472114840532e-20,7.056787885134192e-20,6.879259875449715e-20,6.707586747115812e-20,6.541551161184825e-20,6.381037433946434e-20,6.225712221455854e-20,6.075345118767733e-20,5.929771243581855e-20,5.78888332538559e-20,5.652395894492935e-20,5.520129682990825e-20,5.3919634897826544e-20,5.267788283474461e-20,5.147367479254328e-20,5.0305585983777023e-20,4.917276837221915e-20,4.807405324684778e-20,4.700755098440012e-20,4.597210344066379e-20,4.496715405355551e-20,4.39914402406462e-20,4.3043510598234905e-20,4.212241798457206e-20,4.1227778023055434e-20,4.0358322288977304e-20,3.9512935371612595e-20,3.869085576455545e-20,3.7891778729662736e-20,3.711450225605442e-20,3.635815977319959e-20,3.5622154937370615e-20,3.4906199318894347e-20,3.420920359495906e-20,3.353048444577349e-20,3.286959184026185e-20,3.222621139049671e-20,3.159939426059861e-20,3.0988590992568286e-20,3.039348068510243e-20,2.981369586954446e-20,2.9248442945970756e-20,2.869726914414269e-20
0,0,0,0,0,0,0,0,0,0,0,0,0,0,0,0,0,0,0,0,0,0,0,0,0,0,0,0,0,0,0,0,0,0,0,0,0,0,0,0,0,0,0,0,0,0,0,0,0,0,0,0,0,0,0,0,0,0,0,0,0,0,0,0,0,0,0,0,0,0,0,0,0,0,0,0,0,0,0,0,1.3922773490559804e-22,9.296244385213921e-21,4.263667903143078e-20,9.490679113847747e-20,1.3256493580831092e-19,1.4188139769315363e-19,1.3857399862091336e-19,1.3429757899936756e-19,1.3019471249103144e-19,1.2625990802011004e-19,1.2248126935492505e-19,1.188506667617688e-19,1.1536207976435578e-19,1.120106903903667e-19,1.0878695774645925e-19,1.0568473199425042e-19,1.0269973379354278e-19,9.982743764693949e-20,9.706038609912245e-20,9.43938178272223e-20,9.182480501966604e-20,8.934889504844521e-20,8.696044489512373e-20,8.465570359261549e-20,8.243267014576544e-20,8.028703543272474e-20,7.821459251145849e-20,7.621238985578585e-20,7.42789504470426e-20,7.241031071336233e-20,7.060329879800274e-20,6.885562701580363e-20,6.716607769312567e-20,6.553114208934069e-20,6.394839498807597e-20,6.241610085690412e-20,6.093313057855224e-20,5.949647933142088e-20,5.810426016175024e-20,5.675519732051752e-20,5.544814315561227e-20,5.4180607402085784e-20,5.295109034480152e-20,5.175869935042712e-20,5.0602204246970774e-20,4.947961603837674e-20,4.838971567515731e-20,4.733191732636392e-20,4.630489201202421e-20,4.5307112001032534e-20,4.433758034270498e-20,4.339589244658121e-20,4.2480713183172485e-20,4.159086848377613e-20,4.0725556795369595e-20,3.988445735403309e-20,3.906630493672113e-20,3.827018740110245e-20,3.749547704252003e-20,3.6741870263164924e-20,3.600822045417672e-20,3.529380836087835e-20,3.459816028565379e-20,3.392094530732952e-20,3.326116469199971e-20,3.261824008639419e-20,3.1991833713433763e-20,3.1381558779770235e-20,3.0786579951107615e-20,3.02064206466181e-20
0,0,0,0,0,0,0,0,0,0,0,0,0,0,0,0,0,0,0,0,0,0,0,0,0,0,0,0,0,0,0,0,0,0,0,0,0,0,0,0,0,0,0,0,0,0,0,0,0,0,0,0,0,0,0,0,0,0,0,0,0,0,0,0,0,0,0,0,0,0,0,0,0,0,0,0,0,0,0,0,0,0,7.305206360211754e-23,4.319108580658319e-21,2.927550822378532e-20,7.918155655544157e-20,1.2284745855180208e-19,1.3888839824074313e-19,1.366897488853645e-19,1.3256750029399908e-19,1.2860009139743912e-19,1.2478811404149983e-19,1.2112524698371984e-19,1.1760643155934271e-19,1.14221650238649e-19,1.1096444595451083e-19,1.0783032558284962e-19,1.0481453754506143e-19,1.0190925183219427e-19,9.91094692589899e-20,9.641211574858851e-20,9.381251623212555e-20,9.130474578172879e-20,8.888486604247547e-20,8.655077605508274e-20,8.429795142601258e-20,8.212197504615887e-20,8.001974793933844e-20,7.798971929916095e-20,7.602772754478251e-20,7.413044236235913e-20,7.229546178037112e-20,7.05215072936059e-20,6.88048948745559e-20,6.714307814981366e-20,6.553423488460026e-20,6.397717955409825e-20,6.246875722421563e-20,6.100698667425427e-20,5.959052842233431e-20,5.821817748285198e-20,5.68873191841788e-20,5.559637888959973e-20,5.434441937231483e-20,5.313014900437638e-20,5.195147942504223e-20,5.0807130684517974e-20,4.969648768537746e-20,4.861815505552168e-20,4.757052874266695e-20,4.655256199125836e-20,4.556382999862646e-20,4.4602930935943205e-20,4.366863208131351e-20,4.2760091838365114e-20,4.187697341870888e-20,4.1017948392290634e-20,4.0182059048696494e-20,3.9368646324898365e-20,3.857739145618894e-20,3.7807090552332376e-20,3.7056988426697334e-20,3.632658771705827e-20,3.561554097034431e-20,3.4922799558693836e-20,3.4247756235923063e-20,3.3590056350553513e-20,3.294929378612195e-20,3.2324591477364576e-20,3.1715449034806885e-20
0,0,0,0,0,0,0,0,0,0,0,0,0,0,0,0,0,0,0,0,0,0,0,0,0,0,0,0,0,0,0,0,0,0,0,0,0,0,0,0,0,0,0,0,0,0,0,0,0,0,0,0,0,0,0,0,0,0,0,0,0,0,0,0,0,0,0,0,0,0,0,0,0,0,0,0,0,0,0,0,0,0,0,0,5.5474037567499274e-24,1.8012202561340458e-21,2.0626555657658845e-20,6.527210181706151e-20,1.1409764672609632e-19,1.35002489320858e-19,1.346927670655836e-19,1.3072507694086296e-19,1.2688794404058368e-19,1.2320171622453206e-19,1.1965589936549586e-19,1.1624372919266623e-19,1.1296049881552402e-19,1.0980123059270204e-19,1.0675772199200756e-19,1.0382473598519837e-19,1.0099905224206026e-19,9.827577327101953e-20,9.564869225776598e-20,9.311368347482757e-20,9.06685460069487e-20,8.830854020646415e-20,8.602903881434216e-20,8.38267954164263e-20,8.170018542461967e-20,7.964484926525463e-20,7.765729818031258e-20,7.573501592123784e-20,7.387666315620725e-20,7.207838058513382e-20,7.033750068745945e-20,6.865211453312694e-20,6.702098019437603e-20,6.54407926368684e-20,6.390947638065803e-20,6.24256282162072e-20,6.098798582909628e-20,5.959381015116607e-20,5.824145163023525e-20,5.692992844967426e-20,5.5657887530593e-20,5.44231411556693e-20,5.3224348479770184e-20,5.206086514137957e-20,5.093122938168807e-20,4.9833760833460287e-20,4.876736294033343e-20,4.773159068907789e-20,4.6724975556967646e-20,4.5746226173700205e-20,4.47944609028203e-20,4.3869326932776793e-20,4.296943263166326e-20,4.209377472470064e-20,4.124166279304804e-20,4.041276290633709e-20,3.9605813897629606e-20,3.882002465127129e-20,3.805487414235764e-20,3.7309998387269144e-20,3.6584298868258744e-20,3.5877139448586146e-20,3.5188148603750254e-20,3.4516900895749124e-20,3.386247753175563e-20,3.3224354315590855e-20
0,0,0,0,0,0,0,0,0,0,0,0,0,0,0,0,0,0,0,0,0,0,0,0,0,0,0,0,0,0,0,0,0,0,0,0,0,0,0,0,0,0,0,0,0,0,0,0,0,0,0,0,0,0,0,0,0,0,0,0,0,0,0,0,0,0,0,0,0,0,0,0,0,0,0,0,0,0,0,0,0,0,0,0,0,0,0,1.0437549310460832e-21,1.4322227794874167e-20,5.521041429610772e-20,1.0553040757968075e-19,1.3108225311059968e-19,1.326335055999805e-19,1.2879654441142032e-19,1.2508970515175193e-19,1.2152258173276285e-19,1.1809025351493305e-19,1.1478751681257488e-19,1.1160579660064626e-19,1.0853961802732495e-19,1.0558561452097403e-19,1.0273866618545653e-19,9.999228434302135e-20,9.734215590893334e-20,9.478598002011907e-20,9.231880179234701e-20,8.993578383380437e-20,8.763353230438979e-20,8.541034884031923e-20,8.326167589125406e-20,8.118386626792729e-20,7.917428945407032e-20,7.723154529621187e-20,7.535159923598463e-20,7.353166261556344e-20,7.176973981668559e-20,7.006453251324958e-20,6.84125855829163e-20,6.681172929418176e-20,6.526049671504958e-20,6.375756820696112e-20,6.230008031537522e-20,6.088630857875595e-20,5.951522659428199e-20,5.818541983713415e-20,5.689460124151596e-20,5.564136907192397e-20,5.442504970513956e-20,5.324411500105901e-20,5.209680828372117e-20,5.098198320001824e-20,4.9899174527809275e-20,4.884684705591137e-20,4.7823650770399287e-20,4.6828663998001365e-20,4.5861517905311676e-20,4.492075766372767e-20,4.400533443782244e-20,4.311452645550034e-20,4.224798462196921e-20,4.140439049826129e-20,4.058291704263055e-20,3.9783019569423965e-20,3.9004317565821984e-20,3.82456626282623e-20,3.750638973180502e-20,3.6786110480303026e-20,3.6084380115791947e-20,3.540023812128557e-20,3.4733136495842793e-20
0,0,0,0,0,0,0,0,0,0,0,0,0,0,0,0,0,0,0,0,0,0,0,0,0,0,0,0,0,0,0,0,0,0,0,0,0,0,0,0,0,0,0,0,0,0,0,0,0,0,0,0,0,0,0,0,0,0,0,0,0,0,0,0,0,0,0,0,0,0,0,0,0,0,0,0,0,0,0,0,0,0,0,0,0,0,0,0,0,4.674125919872347e-22,1.092061781937904e-20,4.7958661628567886e-20,9.913958000933263e-20,1.2761991766953092e-19,1.302970032198116e-19,1.268010035989039e-19,1.2321958970449916e-19,1.197733962274473e-19,1.1645347568024665e-19,1.1325411540689775e-19,1.1017180260627207e-19,1.0720119499581407e-19,1.043355220573276e-19,1.0157028336410001e-19,9.890307811339403e-20,9.632873620197196e-20,9.384221012238363e-20,9.143995862061052e-20,8.912020956320029e-20,8.687820743929521e-20,8.471014664130556e-20,8.261328239457231e-20,8.05861537289381e-20,7.862455084205382e-20,7.672556394871012e-20,7.488711074951129e-20,7.310783652461572e-20,7.138413607592856e-20,6.971374542807722e-20,6.809513393180544e-20,6.652692462909243e-20,6.500612968916302e-20,6.353094974723823e-20,6.210031381794246e-20,6.07127459355405e-20,5.936585969386686e-20,5.805819247201547e-20,5.678904138745233e-20,5.555681192419514e-20,5.435967110378265e-20,5.3196422780424726e-20,5.2066581524717804e-20,5.096854544246284e-20,4.990090588089628e-20,4.886270113319648e-20,4.785354634540985e-20,4.687192349739361e-20,4.591673819679006e-20,4.4987237320806734e-20,4.40830566114649e-20,4.3202820362439734e-20,4.2345665608824466e-20,4.151102400614794e-20,4.069849851373908e-20,3.990689084629024e-20,3.9135507093018834e-20,3.83839419875081e-20,3.7651731453407505e-20,3.693787325297581e-20,3.6241795582451806e-20
0,0,0,0,0,0,0,0,0,0,0,0,0,0,0,0,0,0,0,0,0,0,0,0,0,0,0,0,0,0,0,0,0,0,0,0,0,0,0,0,0,0,0,0,0,0,0,0,0,0,0,0,0,0,0,0,0,0,0,0,0,0,0,0,0,0,0,0,0,0,0,0,0,0,0,0,0,0,0,0,0,0,0,0,0,0,0,0,0,0,0,1.2916786001518623e-22,8.342978723168032e-21,4.264205268175977e-20,9.421040362780855e-20,1.2448953801893752e-19,1.2834203703901015e-19,1.2475886886005618e-19,1.2130075925291546e-19,1.1796822814541613e-19,1.1475761651886855e-19,1.1166335972244246e-19,1.0867840542049109e-19,1.0579806585960888e-19,1.0301984030554864e-19,1.0033834345362544e-19,9.774831769789437e-20,9.524607438244676e-20,9.282976761018074e-20,9.049444392587045e-20,8.823613931652821e-20,8.605199475842654e-20,8.394048846968387e-20,8.189723541826692e-20,7.991920470146455e-20,7.800422734582005e-20,7.615089224235278e-20,7.435544412945621e-20,7.261552479557836e-20,7.092953987940149e-20,6.929605510811924e-20,6.771195828486982e-20,6.617537514774237e-20,6.468519013244432e-20,6.323986583733728e-20,6.183691652399162e-20,6.047481869106596e-20,5.915284019909828e-20,5.786932016164298e-20,5.662234930396401e-20,5.541068169165134e-20,5.423381168968741e-20,5.3090070726297546e-20,5.197799151466401e-20,5.0896572317681396e-20,4.9845412262155475e-20,4.8822930141558936e-20,4.782798601032001e-20,4.685979539750732e-20,4.591797888319259e-20,4.500110349836625e-20,4.410827035789163e-20,4.3238887460409727e-20,4.239254123874636e-20,4.156798352991827e-20,4.07644915396568e-20,3.9981643132652034e-20,3.921895491574336e-20,3.847538293383838e-20,3.775033158229778e-20
0,0,0,0,0,0,0,0,0,0,0,0,0,0,0,0,0,0,0,0,0,0,0,0,0,0,0,0,0,0,0,0,0,0,0,0,0,0,0,0,0,0,0,0,0,0,0,0,0,0,0,0,0,0,0,0,0,0,0,0,0,0,0,0,0,0,0,0,0,0,0,0,0,0,0,0,0,0,0,0,0,0,0,0,0,0,0,0,0,0,0,0,0,2.657911046547771e-22,7.318500508393666e-21,4.015471829883624e-20,9.788327853162799e-20,1.6135506586657318e-19,2.2295854294136823e-19,2.760210018534888e-19,3.006082415442012e-19,2.9859840073673227e-19,2.9069380301429087e-19,2.829894494429834e-19,2.755582311727438e-19,2.6838574355075075e-19,2.6145792349371795e-19,2.5476490455752543e-19,2.4830174932294604e-19,2.42055208251287e-19,2.3601467837127627e-19,2.3017251234509137e-19,2.2452463969929467e-19,2.190593313177553e-19,2.1376848011947343e-19,2.0864628451819724e-19,2.036889700691834e-19,1.988864921708987e-19,1.942325430616336e-19,1.8972285813193753e-19,1.8535360097829474e-19,1.811164470735099e-19,1.7700638312795454e-19,1.7302042522200404e-19,1.6915446110237962e-19,1.6540184189753585e-19,1.6175849253481107e-19,1.582224546821548e-19,1.5478928578821209e-19,1.5145387891079075e-19,1.4821290141531116e-19,1.4506500082548686e-19,1.4200571403318783e-19,1.3903111632877642e-19,1.3613852825843047e-19,1.333268775635636e-19,1.3059193482125607e-19,1.2793065089665722e-19,1.2534092748111475e-19,1.2282174969939703e-19,1.203692846353936e-19,1.1798112794448926e-19,1.1565569613706828e-19,1.1339188300059297e-19,1.1118634993947947e-19,1.0903716361826955e-19,1.0694319490631247e-19,1.0490315082000522e-19,1.029142389805417e-19,1.0097486626022531e-19
0,0,0,0,0,0,0,0,0,0,0,0,0,0,0,0,0,0,0,0,0,0,0,0,0,0,0,0,0,0,0,0,0,0,0,0,0,0,0,0,0,0,0,0,0,0,0,0,0,0,0,0,0,0,0,0,0,0,0,0,0,0,0,0,0,0,0,0,0,0,0,0,0,0,0,0,0,0,0,0,0,0,0,0,0,0,0,0,0,0,0,0,0,0,0,0,0,0,1.627606587656911e-22,7.2319341728377e-21,4.118931005963777e-20,1.0022914415208147e-19,1.6374087616481143e-19,2.254296820738668e-19,2.737265269084255e-19,2.9054371064387613e-19,2.8585230512722026e-19,2.785463355933412e-19,2.714798669598779e-19,2.6465023267934053e-19,2.580458400294135e-19,2.516583278194879e-19,2.454832456113759e-19,2.3950776941613863e-19,2.3372303538453944e-19,2.2812270037212545e-19,2.2270263760266757e-19,2.174518648454915e-19,2.1236348553094203e-19,2.074328369628866e-19,2.0265572462268443e-19,1.9802304691704567e-19,1.9352932258293015e-19,1.8917128916203906e-19,1.849444505363383e-19,1.8084153718490212e-19,1.7685809364099686e-19,1.7299197876898415e-19,1.692383353205599e-19,1.6559157963797426e-19,1.6204806799662697e-19,1.5860632167120369e-19,1.5526146093772072e-19,1.5200919472834149e-19,1.4884659347140907e-19,1.4577248481667176e-19,1.4278224453906962e-19,1.3987253887745998e-19,1.370410736532664e-19,1.342867392561313e-19,1.3160534498035659e-19,1.2899426204399428e-19,1.26451759144098e-19,1.2397662680697936e-19,1.2156521479059462e-19,1.1921540928924391e-19,1.1692597577179863e-19,1.14695500559066e-19,1.1252093061324494e-19,1.104005240936262e-19
0,0,0,0,0,0,0,0,0,0,0,0,0,0,0,0,0,0,0,0,0,0,0,0,0,0,0,0,0,0,0,0,0,0,0,0,0,0,0,0,0,0,0,0,0,0,0,0,0,0,0,0,0,0,0,0,0,0,0,0,0,0,0,0,0,0,0,0,0,0,0,0,0,0,0,0,0,0,0,0,0,0,0,0,0,0,0,0,0,0,0,0,0,0,0,0,0,0,0,0,0,0,0,2.608083243569065e-22,1.2311083431444729e-20,5.432299806056748e-20,1.1640795250752395e-19,1.7972404898883923e-19,2.3896251406124765e-19,2.7497465290842255e-19,2.795688292435749e-19,2.731397605698989e-19,2.6643757634083984e-19,2.599520363970596e-19,2.536735202754517e-19,2.475951433838306e-19,2.4171242668635083e-19,2.3601345051445646e-19,2.3049072961065325e-19,2.251392032733289e-19,2.1995431894176703e-19,2.1492619811509083e-19,2.1004889165230668e-19,2.053188586132585e-19,2.0073121909345828e-19,1.962780830492016e-19,1.9195461469727633e-19,1.8775849013574487e-19,1.8368443750394488e-19,1.7972639652581033e-19,1.7588041245017708e-19,1.721448803284554e-19,1.6851450390579032e-19,1.6498462583087676e-19,1.615520664652428e-19,1.582155533873879e-19,1.5497006765064505e-19,1.518119909256379e-19,1.4873883320382006e-19,1.4574939015903216e-19,1.4283911336897117e-19,1.4000514966013773e-19,1.372456199464059e-19,1.3455921151400015e-19,1.3194196253798713e-19,1.2939157877923807e-19,1.269067203276463e-19,1.2448585283304916e-19,1.2212566265182012e-19,1.1982425926057234e-19
0,0,0,0,0,0,0,0,0,0,0,0,0,0,0,0,0,0,0,0,0,0,0,0,0,0,0,0,0,0,0,0,0,0,0,0,0,0,0,0,0,0,0,0,0,0,0,0,0,0,0,0,0,0,0,0,0,0,0,0,0,0,0,0,0,0,0,0,0,0,0,0,0,0,0,0,0,0,0,0,0,0,0,0,0,0,0,0,0,0,0,0,0,0,0,0,0,0,0,0,0,0,0,0,0,0,0,5.724243624566749e-24,2.500811466839073e-21,2.6714327446351044e-20,8.091167960383656e-20,1.4475134829067767e-19,2.0698738739402312e-19,2.5566474207375566e-19,2.7181643347566604e-19,2.6705907692604715e-19,2.6071833786214827e-19,2.545712497069319e-19,2.486142758175235e-19,2.428419575680229e-19,2.372493844286765e-19,2.318259011495063e-19,2.265650908070102e-19,2.2146313403598363e-19,2.165147672237756e-19,2.1171147993048655e-19,2.0704805613400855e-19,2.0252198920338847e-19,1.981275927501846e-19,1.9385832997724258e-19,1.8970993517028243e-19,1.8568067718318812e-19,1.8176484331520347e-19,1.7795741000627512e-19,1.742549476021286e-19,1.7065608363042875e-19,1.6715540450342264e-19,1.6374900738155094e-19,1.6043420646624568e-19,1.5720970273486733e-19,1.540705901214804e-19,1.5101379110680884e-19,1.4803727885169436e-19,1.4513963742333486e-19,1.423165934774687e-19,1.3956567237834583e-19,1.368854288583783e-19,1.3427420792104982e-19,1.3172843537007098e-19,1.2924607202970773e-19
0,0,0,0,0,0,0,0,0,0,0,0,0,0,0,0,0,0,0,0,0,0,0,0,0,0,0,0,0,0,0,0,0,0,0,0,0,0,0,0,0,0,0,0,0,0,0,0,0,0,0,0,0,0,0,0,0,0,0,0,0,0,0,0,0,0,0,0,0,0,0,0,0,0,0,0,0,0,0,0,0,0,0,0,0,0,0,0,0,0,0,0,0,0,0,0,0,0,0,0,0,0,0,0,0,0,0,0,0,0,0,0,5.241133620534435e-22,1.3119251346806065e-20,5.6818416670233e-20,1.200522320491479e-19,1.835257502098289e-19,2.4554375571889286e-19,3.061611530919227e-19,3.6541811820160265e-19,4.2325579896724563e-19,4.748025197661814e-19,4.971761192608134e-19,4.913447753309542e-19,4.803672993812458e-19,4.697105567728083e-19,4.593641202516029e-19,4.49322428517784e-19,4.3957286554938685e-19,4.3010092857768137e-19,4.2089715353850803e-19,4.1195769965003316e-19,4.0326989251286316e-19,3.948225866794749e-19,3.866081729979256e-19,3.7862360645268303e-19,3.70856876267013e-19,3.6329932346340968e-19,3.55944989234438e-19,3.4879099152265096e-19,3.4182644555711967e-19,3.350445234450293e-19,3.284407283695334e-19,3.2201191889217496e-19,3.1574861402064743e-19,3.0964532344079173e-19,3.0369884063096007e-19,2.979054937575071e-19,2.922573529824776e-19,2.867498941186632e-19
0,0,0,0,0,0,0,0,0,0,0,0,0,0,0,0,0,0,0,0,0,0,0,0,0,0,0,0,0,0,0,0,0,0,0,0,0,0,0,0,0,0,0,0,0,0,0,0,0,0,0,0,0,0,0,0,0,0,0,0,0,0,0,0,0,0,0,0,0,0,0,0,0,0,0,0,0,0,0,0,0,0,0,0,0,0,0,0,0,0,0,0,0,0,0,0,0,0,0,0,0,0,0,0,0,0,0,0,0,0,0,0,0,0,0,0,0,0,0,0,9.498967421634707e-23,5.2351094167386006e-21,3.834976154116629e-20,9.84988703591986e-20,1.6266236843347482e-19,2.2543606151892145e-19,2.868687750892883e-19,3.4698450251095723e-19,4.0583772532762316e-19,4.634910820802576e-19,5.199854373017913e-19,5.753373509817946e-19,6.296015643532153e-19,6.828262132854563e-19,7.350441501132288e-19,7.862684972413921e-19,8.365511356763326e-19,8.859294600208705e-19,9.344291929929256e-19,9.820627545981759e-19,1.028877166701715e-18,1.0749019135918863e-18,1.1201564008689606e-18,1.1646541725752204e-18,1.2084361895943493e-18,1.2515261578211479e-18,1.293937906234707e-18,1.3356872760179096e-18,1.3768085281859627e-18,1.4165978092518215e-18
